counter,Number present,Missing,source,Binomial,rpl1p,rpl3,rpl4,rpl5,rpl6,rpl7,rpl7a,rpl7x1,rpl7x2,rpl8,rpl9,rpl10,rpl10a,rpl11,rpl12,rpl13,rpl13a,rpl14 mito,rpl14reg,rpl15,rpl17,rpl18a,rpl18,rpl19,rpl21,rpl22,rpl23,rpl23a,rpl23z,rpl24,rpl26,rpl27,rpl30,rpl31,rpl32,rpl33mito,rpL34,rpl35,rpl35a,rpl36e,rpl37,rpl42,rps0,rps2,rpS3,rps3z,rps4,rps5,rps6,rps7,rps8,rps9,rps10,rps11,rps12m,rps13,rps14,rps15,rps15a,rps16,rps17,rps18,rps19,rps20,rps21,rps23,rps24,rps25,rps26a,rps27,rps28,rps29,rps30
0,69,4,refseq,Blastocystis hominis,300121623,300121321,300120651,300121376,300175079,300123775,300121690,300122397,300120771,300120652,300123641,300122711,300122045,300120467,300120694,300120231,300175553,NaN,300176648,300120208,300122360,300123834,300175904,300120773,300120131,300176174,300175094,300176861,300120865,300122713,300176711,300120640,300120938,300122331,300176590,NaN,300120255,300120802,NaN,300176953,300175203,NaN,300123321,300175242,300123783,300121261,300121745,300123552,300120286,300176377,300123178,300120128,300123508,300120047,300120959,300122353,300120857,300123884,300121926,300120418,300122513,300121915,300123350,300175943,300120174,300120089,300123364,300120352,300176467,300122460,300175324,300121360,300121697
1,43,30,db_est,Schizochytrium sp.,NaN,148525023,148526412,NaN,NaN,NaN,NaN,NaN,148526273,NaN,148527329,148526231,148526066,NaN,148527430,148527046,NaN,NaN,NaN,148528401,148528779,148525307,148525157,148526593,148525604,148526984,148525416,148525850,NaN,NaN,NaN,NaN,NaN,NaN,NaN,NaN,148526896,148526451,148526280,148527155,148527398,148528535,NaN,148528724,148525474,148527173,148528513,148525185,148528255,NaN,148525414,148527088,148528843,148525794,148525177,NaN,NaN,148526908,148525268,NaN,148528193,NaN,NaN,NaN,148528771,148525859,148525870,NaN,148527494,148527620,NaN,148526039,NaN
2,64,9,nr_nt,Saprolegnia parasitica,NaN,288565300,288565310,288565264,76445342,288565280,288565305,NaN,288565264,76444683,288565305,288564919,288565298,2885652942,76444074,288565256,76444495,NaN,288565264,2885652832,288565296,288565289,288565298,288565133,288565174,288565288,288565278,NaN,NaN,288565259,288565310,288565255,288565203,76444528_2,288565231,NaN,288565269,288565312,288565245,288565310,NaN,NaN,288565203,288565303,288565292,288565277,288565309,NaN,288565300,288565222,288565228,288565190,288565283,288565300,288565300,288565284,288565238,288565312,288563981,288565223,288565283,88565196,288565257,288565279,76444743,288565311,76444582,288565312,288565313,76445230,288565294,76445129,76445143
3,65,8,db_est,Aphanomyces cochliodes,NaN,144586376,144585996,144584865,144585846,144583925,144584479,NaN,144585611,144584867,144586316,144583834,144586556,144585289,144584259,144586090,144585511,NaN,144584831,144584408,144585455,NaN,144584568,144584944,144584433,144585084,144586397,144584755,NaN,NaN,144585302,144585878,144584041,144586824,144584007,NaN,144584578,144584798,144586979,144587349,144584596,144584336,144585561,144584470,144584996,NaN,144586399,144584087,144584815,144586566,144586859,144584562,144584730,144584533,144585937,144583962,144587385,144586323,144584620,144585814,144587075,144586771,144586352,144584948,144584603,144584643,144584485,144585778,144584651,144583902,144585205,144584111,144584046
4,15,58,nr_nt,Aphanomyces euteiches,NaN,166040871,166043265,166040803,166042579,166039156,NaN,NaN,166038692,166039078,NaN,NaN,166042839,NaN,NaN,166035797,NaN,NaN,NaN,NaN,NaN,166052925,NaN,NaN,NaN,NaN,NaN,NaN,NaN,NaN,NaN,NaN,NaN,NaN,NaN,NaN,NaN,NaN,NaN,NaN,NaN,NaN,NaN,166037720,166042590,NaN,166047228,166034569,166044009,NaN,NaN,NaN,NaN,NaN,NaN,NaN,NaN,NaN,NaN,NaN,NaN,NaN,NaN,NaN,NaN,NaN,NaN,NaN,NaN,NaN,NaN,NaN,NaN
5,50,23,db_est,Albugo candida,353410265,353399047,353419334,353368424,353355361,353433310,353392492,NaN,353353534,353384259,353405843,353368318,353383032,353429361,353388456,353392195,NaN,NaN,353409472,353369649,353432703,NaN,353414299,353407604,353356490,NaN,353354415,353368331,NaN,353368298,353377450,353417017,NaN,NaN,353369725,NaN,NaN,353410671,353408551,353373652,353372584,NaN,353405467,NaN,NaN,353408161,353384333,353364396,NaN,353363206,NaN,353378739,353385762,353374271,353380898,NaN,353428364,NaN,353389630,NaN,353386289,NaN,353413702,NaN,NaN,353370779,353399025,353427593,353405849,353361290,NaN,NaN,353356925
6,65,8,refseq,Albugo laibachii,325188926,325184995,325183777,325186379,325192297,NaN,325184411,NaN,325190177,325182867,325186734,325188278,325186011,325186976,325193685,325179824,NaN,NaN,325186380,325186477,325188353,325187790,325181748,325189036,325180167,325183057,325186350,325189571,325190029,325181659,325184162,325189767,325187763,325187519,325190962,325185165,325182723,325190096,325181117,325189853,NaN,325184640,325179525,325181905,325183243,325183864,325184655,325189713,325188645,325189119,325187856,325188058,325180683,325184912,325183412,325182189,325184044,325190185,325187276,325190343,325183337,325182081,325188132,NaN,325187864,325184307,325188695,325185071,325186631,NaN,325183099,NaN,325190270
7,56,17,db_est,Pythium oligandrum,NaN,166256366,NaN,NaN,166333891,166321967,NaN,NaN,166258443,166333887,166296685,166332953,166264989,166249531,166262040,166282064,166337052,NaN,166293251,166249511,166327759,NaN,166333354,NaN,166254658,NaN,166296677,166259023,NaN,NaN,166301475,166258494,166252292,166339658,166332813,NaN,166305923,NaN,NaN,166333232,166264988,166296312,NaN,166299538,166284351,166325859,166294040,166258729,166254314,NaN,166249504,166259004,166299370,166322194,166332687,166309230,166341412,166254661,166249895,166266582,166266275,166301670,166309401,166340024,166255015,166250262,166261999,166266276,166314727,166337452,166296870,NaN,166252979
8,64,9,db_est,Pythium ultimum,148604286,148599180,148602100,148598784,207514863,148602828,207416984,NaN,148604819,148607237,148603918,148606290,207466037,207431524,148600935,148600888,207401930,NaN,NaN,148598531,148599291_2,148605475,148600069,148602669,148603878,148604040,148600620,148604018,NaN,NaN,207406705,148603673,148601535,207521430,148605076,NaN,207455580,207470425,148602605,148599034,207469703,207386697,148602550,148602154,148604019,148599344,148605911,148601848,148605015,148600595,148604708,207426644,NaN,148605930,207436613,148598628,148603992,148605236,148604285,148604686,148600483,148603441,148604954,207413790,207451144,207374287,207465123,NaN,148606481,207393473,NaN,207468984,148600504
9,68,5,db_est,Phytophthora brassicae,NaN,144598690,144592724,144590793,144598759,144590710,144594965,NaN,144589719,144590660,144592636,144590270,144593572,144591256,144589629,144598710,144589610,NaN,144594357,144593601,144591292,144596502,144596550,144595944,144591166,144595955,144590680,144597846,NaN,144599283,144598023,144593428,144599127,144600124,144596760,NaN,144597265,144593576,144594436,144595140,144589180,144592067,144598657,144589027,144595928,144590584,144597004,144597470,144600184,144598675,144599951,144597895,144592151,144598701,144591441,144592532,144588519,144599584,144593493,144597577,144590859,144594197,144595773,144596234,144590079,144596868,144597614,144593711,144592820,144595037,144594850,144597550,144590206
10,66,7,db_est,Phytophthora sojae,38115149,38059653,NaN,38061054,38060956,38062821,38114521,NaN,38057739,38064782,38064304,38057431,38057781,38118841,38063490,38071568,38066493,NaN,38114575,38117276,38116848,38117694,38060401,9835882,38060366,38113384,38118939,38070845,NaN,NaN,38114242,38113256,38067411,38059067,38119667,NaN,38117883,38071405,38064216,38115275,38056318,38066317,38059671,38057391,38119266,38066971,38060985,38117924,38061930,38119523,38118559,38059487,38071982,38066507,38059328,38056806,38071187,38071422,9834404,38064128,38056625,38063816,38056905,38061894,9833724,38056250,38116916,38115069,38119525,38055203,NaN,38057038,38113100
11,66,7,db_est,Phytophthora capsici,186823951,186714637,186800021,186832541,186816241,186724317,NaN,NaN,186740154,186725096,186762265,186870786,186779240,186709085,186814496,186755690,186783814,NaN,186864345,186712006,186748676,186804495,186726659,186764697,186710125,186718729,186774035,186717184,NaN,NaN,186737274,186857269,186826147,186708063,186749486,NaN,186719598,186744752,186737994,186790055,186724842,186879397,186729525,186794415,186824117,186740026,186756692,186730134,186791910,186786574,186715277,186810101,186798498,186814065,186833551,186735394,186730044,186761895,186736742,186832809,186709702,186819198,186766422,186846735,186845220,186748324,186731182,186811160,186726061,186740218,NaN,186748926,186731909
12,68,5,refseq,Phytophthora infestans,301103448,301093682,301111776,301090987,301117978,301117634,301092737,NaN,301112246,301113256,301117072,301093175,301127992,301097764,301107592,301115634,301121418,NaN,301090989,301119533,301117396,301097025,301105579,301108189,301123509,301123677,301121610,301119741,301108161,301092712,NaN,301117182,301123397,301101838,301105188,301109667,301098543,301112306,301117174,301107410,301107624,301114179,301121570,301107179,301104382,301107834,301101263,301109072,301122631,301099911,301121814,301108221,301122321,301105230,301122155,301090694,301091063,301112104,301095995,301099993,301102095,301117146,301108007,NaN,301108027,301102827,301111366,301101744,301101547,301097393,NaN,301122967,301092105
13,26,47,db_est,Nannochloropsis oculata,NaN,110744504,NaN,NaN,NaN,110745854,NaN,NaN,110746097,NaN,110744423,NaN,NaN,110744299,110745366,NaN,110744501,NaN,110745333,NaN,NaN,110745835,NaN,110746010,NaN,NaN,110745768,110745404,NaN,NaN,110744361,NaN,NaN,NaN,110745397,NaN,NaN,110745279,NaN,NaN,110744370,NaN,NaN,NaN,110745583,NaN,NaN,110745684,NaN,NaN,NaN,NaN,NaN,NaN,NaN,110744362,NaN,110745373,110744288,NaN,110744478,NaN,NaN,NaN,110744276,NaN,NaN,110745470,110744855,NaN,110744422,NaN,NaN
14,70,3,www,Nannochloropsis gaditana,Nga00754,Nga06610,Nga04207,Nga01963,Nga02302,Nga02289,Nga04485,Nga30859,Nga30859,Nga30413,Nga02008,Nga04477,Nga31063,Nga01292,Nga00660,Nga04410,Nga00086,NaN,Nga00519,Nga06279,Nga00226,Nga02568,Nga04045,Nga01969,Nga06523,Nga06537.01,Nga02758,Nga30902,Nga03649,Nga02333.1,Nga00281,Nga05420.01,Nga00924,Nga04455,Nga02962,NaN,Nga03751.01,Nga03904,Nga02499.01,Nga04463.1,Nga06855,Nga06433,Nga04881,Nga01334.01,Nga30875,Nga05253,Nga00001,Nga02153,Nga00422,Nga03921.1,Nga20970,Nga07293,Nga05946,Nga04299.01,Nga07199,Nga06519,Nga03898,Nga03274,Nga05624,Nga00558,Nga06012,Nga00480,Nga05866,Nga06781,Nga02509,Nga01804,Nga02923,Nga03112,Nga03158,Nga31100,Nga05436,NaN,Nga21145
15,60,13,db_est,Laminaria digitata,NaN,62990780,62991511,62990567,62992145,62990876,62991416,NaN,NaN,62991555,62991897,62990416,62991298,62990732,62991249,62991035,62990934,NaN,62990616,62991512,62990457,6919581,62991644,62991004,6918903,6919111,62991256,62990663,NaN,62990984,62991134,62991107,NaN,6919340,NaN,NaN,62991194,6919527,6919206,178514523,6919258,62991584,6919208,62991735,62990952,62991268,62991314,62991015,62991163,62991343,62990536,62991488,62991779,62991447,62991368,62991525,62990824,NaN,62990540,NaN,62991094,6919492,62991090,62990479,NaN,NaN,62990631,62991536,62991742,62991259,62991370,NaN,62990729
16,67,6,refseq,Ectocarpus siliculosus,NaN,298705189,298712581,299473296,298713555,299116658,2987128372,NaN,299470158,298715558,299470032,299115447,299472656,298707505,298708136,298715038,298714763,NaN,298705413,299472638,298709755,299472067,298707282,299471771,299470969,NaN,299115573,298707885,298706595,298711638,298715484,298706867,299116702,299470845,299473613,298705528,299470138,299471839,298711973,298708446,298705059,298710708,298705166,298711383,298706370,298714483,298707012,298712679,298715232,298713550,298705066,299469776,NaN,298708385,298705060,298705943,298711478,298711029,298713296,298708001,298711489,299115551,298707982,298707100,298710544,298709974,298708337,NaN,299117248,298709870,298708862,298705984,299471121
17,58,15,db_est,Fucus serratus,NaN,229050774,229059094,229063480,229058643,229057396,229049412,NaN,229063717,229049248,229049019,229059284,229063289,229034879,229059278,229059090,229058503,NaN,229063499,229054758,229050581,229035553,229063423,229053675,229051913,229063411,229034476,229063150,NaN,NaN,229054423,229063437,229054417,229054377,229049407,NaN,229064329,229033769,229034872,NaN,229050219,NaN,NaN,229052320,229033245,229054403,229049025,229054209,229053834,229034703,229053073,229033899,229049607,229054013,229049239,229056034,NaN,NaN,229052666,229066194,NaN,29063352,NaN,229053275,NaN,229052716,229051948,229057949,229055527,229055828,NaN,229048986,229052869
18,56,17,db_est,Sargassum binderi,NaN,120454651,120455579,120456344,NaN,120454361,NaN,NaN,120455091,NaN,120455870,120453956,120455854,120454233,120454698,120454734,120454600,NaN,120455794,120454113,NaN,120453982,NaN,120455054,120455853,120454995,120456245,120455282,NaN,NaN,120456148,120454213,120454991,120456096,120456213,NaN,120456230,NaN,120455888,120454894,120454710,120455814,NaN,120456165,120453974,120454512,120455970,120455671,120455661,120454927,120455296,120455690,120456086,120454683,120455293,120453999,NaN,120454372,120454598,120456107,120453960,NaN,NaN,120454835,120454644,120454007,120454093,120456302,120455131,120454950,120454048,120456090,NaN
19,27,46,db_est,Pseudochattonella farcimen,NaN,NaN,NaN,319967123,319971385,319969541,319974199,NaN,319970697,NaN,319973754,NaN,NaN,319968731,319966400,319971177,NaN,NaN,NaN,NaN,NaN,319975828,NaN,319966187,NaN,319971800,319973817,NaN,NaN,319974310,NaN,319969145,NaN,NaN,319972860,NaN,NaN,NaN,NaN,319970164,NaN,NaN,NaN,319973523,319969149,NaN,319969192,NaN,NaN,319973097,NaN,319967498,NaN,NaN,319966150,NaN,NaN,NaN,NaN,NaN,NaN,319974168,NaN,NaN,NaN,319966434,319970167,319969349,NaN,NaN,NaN,NaN,NaN
20,65,8,refseq,Aureococcus anophagefferens,NaN,323455903,323452815,323456180,323453856,323455169,323453307,NaN,323456600,323450569,NaN,323451373,161655419,323449865,323455143,161663284,323454360,NaN,323451117,323452746,323450320,323450465,323452301,323450303,323449261,323454110,323450083,NaN,NaN,323456226,323449561,NaN,323449448,323451231,323456214,NaN,323450621,323446872,323446694,323449642,323451838,323449778,323451948,323448850,323448873,323450925,323457181,323455449,323448060,124289047,323449769,323450976,323450277,323447119,323446228,323449588,323445949,323448815,323453584,323449640,323454055,323455964,323446107,323449899,323451216,161681510,323449278,323452157,323452110,323451608,323457195,323451333,323449092
21,31,42,db_est,Chaetocerus neogracile,NaN,164413334,164411842,NaN,164412682,NaN,164413436,NaN,164412124,164412081,NaN,164413699,164411977,NaN,164413763,164412968,164414035,NaN,NaN,164414057,NaN,164413822,NaN,NaN,NaN,NaN,164413786,164414204,NaN,NaN,NaN,164412224,NaN,NaN,NaN,NaN,NaN,NaN,NaN,NaN,NaN,NaN,164411821,164414221,164412417,NaN,164413122,164412988,164413560,164411825,1644122282,NaN,164413272,NaN,NaN,164411947,NaN,NaN,NaN,NaN,NaN,NaN,164412517,164413745,NaN,NaN,164412967,NaN,164412057,NaN,NaN,164413750,NaN
22,61,12,db_est,Fragilariopsis cylindrus,NaN,282267799,282256208,66749200,282251751,282256710,NaN,NaN,282250841,66749297,282252203,66748860,282257661,282265488,282253129,282265760,282254661,NaN,282266537,282261383,282263392,66748108,282254259,282253715,282263767,NaN,282259944,NaN,NaN,282262387,282257345,282262343,282253471,282253778,282267848,NaN,33631748,282265287,282257086,NaN,282261619,NaN,282250732,282254007,282266155,282261238,282252973,126701987,282256894,282250634,282250233,282253355,282252180,282264207,66748902,282252044,282250932,282268824,282250264,NaN,282261756,82260181,282259632,282250827,NaN,282255103,282250776,282257250,282252773,282262769,282259404,282252862,282264937
23,68,5,refseq,Pheodactylum tricornutum,NaN,219121047,219121527,219109995,219115179,219127531,219111843,NaN,219124105,219120975,219114991,219126015,219121904,219128162,219123555,219127073,219111933,NaN,219113413,219113025,219123900,219119939,219127695,219127371,219121266,219126748,219130102,31250518,219110943,219125075,219115247,219111389,219113427,219117729,219122924,NaN,219114755,219116753,219129482,219115277,219113753,219116612,219121660,219125370,219109971,219114717,219110737,219124101,219112999,219129995,219109816,219117986,NaN,219121838,219110859,219109723,219117562,219117369,219129321,219109953,219116332,19128444,219122566,219130719,219129087,219111577,219122014,219121298,219127204,219114298,219129555,219120851,219115079
24,66,7,refseq,Thallasiosira pseudonana,NaN,NaN,224000902,224011241,224008965,224011387,224003463,NaN,224007387,224009680,223995717,224001560,224003411,224000193,223996063,223999741,224000701,NaN,223995201,223993491,223997388,224000283,NaN,223995693,NaN,224002675,224007988,224003741,224003157,223999709,224001214,224010307,224006271,223996389,224007968,NaN,224000383,224008508,224007563,223999463,224001794,224001032,223997552,224007569,224011892,223999667,223996813,224009880,224009668,223996397,224009171,224000067,223999047,224000754,224010361,224000651,223993973,223997242,224007937,224000247,224014222,23994887,224001514,223999925,223999477,224000856,224002811,224009702,224003617,224009634,224013321,224009864,223994227
25,67,6,db_est,Sterkiella histriomuscorum,NaN,209380146_2,198393580_2,209383019_2,209370334_2,209384351,209382041_2,209391625_2,198394130_2,209368946,209391323_2,1983927022,2093725912,209368534,209386713_2,198397153,209370710_2,NaN,110061311_2,2093876582,209373300,198395902,110060869,NaN,198394539_2,110061223,209371004_2,110061538_2,NaN,209387983_2,110061150,209385263,209371430,198389401_2,198390556_2,NaN,110061325,209368155_2,110061385_2,198391785,209376112_2,209384713_2,209373649,209378082_3,209368548,209379046,110061592_2,209368341,198390691_2,110060849_2,209373234,209391156,110061229,110061277,198398197_2,110061456,198391475,110061601,110060908,110060680,209373407,110061685,110061354,110061139,110061186,110061128_2,209371276,110061568,110061103,110061414,209374046_2,110060445_2,NaN
26,30,43,db_est,Entodinium caudatum,NaN,152006447_2,152006787,152006449_2,152006450_2,152006451,NaN,NaN,NaN,1520064522,NaN,1520064423,152006780,NaN,NaN,NaN,152006444_2,NaN,NaN,NaN,NaN,NaN,NaN,NaN,NaN,NaN,NaN,NaN,NaN,NaN,NaN,NaN,NaN,152006448_2,NaN,NaN,152006441_2,152006784_2,NaN,NaN,152006785,NaN,152007111,152006428,NaN,NaN,152006798,152006431,152006432_3,NaN,NaN,152006416,NaN,152006420,NaN,NaN,NaN,NaN,152006790_2,152006422,152006425,152006417,NaN,NaN,NaN,NaN,152006429,NaN,152006776,152006793,152006794,152006795,152006430
27,47,26,db_est,Nyctotherus ovalis,NaN,207851394,207849632,207849120_2,207850592,NaN,NaN,NaN,207854167,207850727,207849572,207853790,207849360,207852085,NaN,NaN,207850996,NaN,NaN,207853635,207852770,207851823,NaN,NaN,207853087,NaN,207849739,207854172_2,NaN,NaN,207850064,NaN,NaN,207849923_2,207853074,NaN,207854685,NaN,207850418_2,207854530,NaN,207853018,207851688,207852540_3,207851056_2,207853674,207850948,207854403,207854501,NaN,207851819,207851554,NaN,207851763,207852888_2,207854040,207853842,207851941,NaN,NaN,NaN,7850624,NaN,NaN,207850957,207854044_2,207849486,207852382,207849261,207852899,NaN,207849150,207852425_2
28,71,2,refseq,Paramecium tetraurelia,145545518,145475213,145490309,145506266,145513963,145510542,145491097,145551007,145525451,145516036,145500002,145479333,145510009,145488693,145476333,145513232,145503966,NaN,145490004,145515998,145497343,145515641,145489600,145502721,145521560,145537600,145475561,145480689,NaN,145534548,145513362,145513957,145529193,145486158,145475397,145542468,145488217,145523315,145476433,145509100,145485323,145486146,145549468,145480933,145499986,145536261,145528524,145530634,145526028,145518001,124088595,124088436,145513835,145519199,145548798,145516058,145523347,124088843,145483251,145529275,145510526,145539402,1454764512,145501548,145482265,124088230,145499383,145493750,145499572,145485534,145479451,124088317,145505097
29,48,25,db_est,Miamiensis avidis,NaN,84176765_2,NaN,84176467_2,84176954,84176903_2,NaN,NaN,84177124_2,84177090,84176369_2,841767253,841765782,841763432,84176365_2,NaN,NaN,NaN,NaN,841768332,84177177,84176879_2,84177151,84176384_2,84176466_2,NaN,84176924_2,NaN,NaN,NaN,84176953_2,NaN,NaN,NaN,84176816_2,NaN,NaN,NaN,84176544_2,NaN,NaN,NaN,84176448,NaN,84177166,84176734,84176575_2,84177099,84177244_2,84176991_2,84177139,84176908,84176567,NaN,84176389,84177211,84176368,84176694,NaN,84176486,84176928,84176404,84176628,84176862,84176424,84177128_2,84176362,NaN,84176610,84176675,84177094,84177218_2,84176881
30,21,52,db_est,Anophryoides haemophila,NaN,269113262_2,269107939_3,269110876_2,NaN,NaN,NaN,NaN,NaN,269107829,269106731_2,NaN,2691089742,NaN,269105928_2,269106805,269111864_2,NaN,NaN,2691059642,269105976,NaN,269105887,NaN,NaN,NaN,269111415_2,NaN,NaN,NaN,NaN,NaN,NaN,NaN,NaN,NaN,NaN,NaN,NaN,NaN,269105637_2,NaN,269106380,269107467_3,NaN,NaN,269107624_2,NaN,269107734_2,NaN,NaN,NaN,NaN,NaN,NaN,NaN,269110782,NaN,NaN,269106146,NaN,NaN,269110858,NaN,NaN,NaN,NaN,NaN,NaN,NaN,NaN,NaN,NaN
31,68,5,refseq,Ichthyopthiriius multifiliis,340504357,340503599,340500272,340504171,340501807,133886137_2,340500679,340507318,340504204,340509142,340502369,340506735,340502199,340502895,340502198,133886190,340504790,NaN,340500599,340500358,133877221,340505500,340501541,340500240,340501066,340500546,340503720,340505617,NaN,340500448,340506311,340507520,340502645,340506010,340504350,NaN,133879033,340503320,133898461_2,340504251,340508410,NaN,340500146,133879780_3,133876752,340505471,340509077,340505052,340503161,340501770,340505755,340501236,340505131,340509292,340508424,340500112,340508192,20261067,340502503,340508654,340506524,340507221,3405046512,340503719,340505023,340502787,340501415,NaN,340502145,340503982,340500050,340505521,133879738
32,63,10,refseq,Tetrahymena thermophila,146143122,89309746,146145029,89293365,146144712,89285918,89308194,89307880,89286182,146142728,89284392,89294264,146146443,89295408,146146783,89304632,NaN,NaN,146143673,89284091,146145064,146145077,146145047,NaN,225566392,225565699,146145771,89301441,NaN,89304138,146145432,89308019,NaN,89285363,89294432,NaN,89303520,146146268,146142705,89308428,89284886,89291820,146145600,225565989,146145528,225566935,89303332,89291757,NaN,146143165,89284382,146146073,89308417,89284480,89291603,146142907,146143699,89297641,89295174,146146136,89307114,89301355,892857982,89285258,NaN,146146072,NaN,NaN,89300613,89284966,89294050,89288510,146143313
33,73,0,refseq,Perkinsus marinus,294877876,294954638,294882565,294950239,294942575,294904405,294943546,294925658,294897142,294892073,294953765,294901385,294890663,294942480,294892071,294888058,294898838,294891264,294885357,294886961,294874894,294942613,294887071,294943209,294912296,294936193,294886775,294936905,294950485,294879980,294927999,294896662,294953563,294944971,294883750,294893574,294867119,294894823,294886331,294882038,294942506,294930932,294940508,294947304,294868384,294932119,294889902,294874492,294886285,294944849,294953641,294900981,294892163,294873822,294890831,294944631,294886265,294935739,294880399,294933832,294952917,94872965,294943327,294948272,294886211,294878995,294872274,294932373,294883069,294868203,294934074,294872293,294888387
34,57,16,db_est,Oxyrrhis marina,NaN,117402940,117403469,117404183,117396256,117402821,NaN,NaN,117404168,117403942,117396585,117408491,117401166,117412343,117400608,117403852,117398585,NaN,NaN,117398834,117395565,117412739,117403778,117399735,117412015,NaN,117400028,117404084,NaN,117400419,117406108,117411400,117408659,117402588,117397162,NaN,117396356,NaN,117412325,NaN,NaN,117402909,117396584,117412910,117402473,117403628,117404079,117403760,117398795,117403161,117413167,117403844,117395496,117413199,117401865,NaN,117398718,117409995,117401376,117401374,117403078,117399468,117400780,NaN,117395509,117397218,117407567,NaN,117410490,NaN,117408545,NaN,117406824
35,58,15,local,Hematodinium ex Nephrops norvegicus,50S_ribosomal_protein_L1P,60S_ribosomal_protein_L3,60S_ribosomal_protein_L4,60S_ribosomal_protein_L5,60S_ribosomal_protein_L6,60S_ribosomal_protein_L7,60S_ribosomal_protein_L7,60S_ribosomal_protein_L7,60S_ribosomal_protein_L7_2,NaN,60S_ribosomal_protein_L9,60S_ribosomal_protein_L10,60S_ribosomal_protein_L10a1,60S_ribosomal_protein_L11,60S_ribosomal_protein_L12,60S_ribosomal_protein_L13,60S_ribosomal_protein_L13a1,50S_ribosomal_protein_L14,60S_ribosomal_protein_L14,NaN,40S_ribosomal_protein_L17,60S_ribosomal_protein_L18A1,NaN,60S_ribosomal_protein_L19,60S_ribosomal_protein_L21,60S_ribosomal_protein_L22,60S_ribosomal_protein_L23,60S_ribosomal_protein_L23a1,NaN,60S_ribosomal_protein_L24,60S_ribosomal_protein_L26,60S_ribosomal_protein_L27,NaN,60s_ribosomal_protein_L31,60S_ribosomal_protein_L32,50S_ribosomal_protein_L33,NaN,60S_ribosomal_protein_L35,60S_ribosomal_protein_L35A1,NaN,60S_ribosomal_protein_L37,60S_ribosomal_protein_L42,NaN,40S_ribosomal_protein_S2,40S_ribosomal_protein_S3,NaN,40S_ribosomal_protein_S4,NaN,40Srps6x1,40S_ribosomal_protein_S7,NaN,NaN,40S_rps10,40S_ribosomal_protein_S11,40S_ribosomal_protein_S12,NaN,NaN,40S_ribosomal_protein_S15,40S_ribosomal_protein_S15a1,40S_ribosomal_protein_S16,40S_ribosomal_protein_S17,40S_ribosomal_protein_S18,40S_ribosomal_protein_S19,40S_ribosomal_protein_S20,40S_ribosomal_protein_S21,40S_ribosomal_protein_S23,40S_ribosomal_protein_S24,40S_ribosomal_protein_S25,NaN,40S_ribosomal_protein_S27,40S_ribosomal_protein_S28,40S_ribosomal_protein_S29,40S_ribosomal_protein_S30
36,72,1,local,Amoebophrya ex Karlodinium veneficum,comp119703,trinity_comp1633_c0_seq1,trinity_comp3711_c0_seq1,trinity_comp2539_c0_seq1,trinity_comp1436_c0_seq1,trinity_comp1221_c0_seq1,trinity_comp81178_c0_seq1,trinity_comp115414_c0_seq1,trinity_comp3726_c0_seq1,trinity_comp1189_c0_seq1,trinity_comp2883_c0_seq1,trinity_comp2090_c0_seq1,trinity_comp3036_c0_seq1,trinity_comp2178_c0_seq1,trinity_comp4687_c0_seq1,trinity_comp2384_c0_seq1,trinity_comp2027_c0_seq1,trinity_comp104545_c0_seq1,trinity_comp2468_c0_seq1,trinity_comp1738_c0_seq1,trinity_comp4421_c0_seq1,trinity_comp2597_c0_seq1,trinity_comp1777_c0_seq1,trinity_comp3708_c0_seq1,trinity_comp1953_c0_seq1,trinity_comp2713_c0_seq2,trinity_comp3896_c0_seq1,trinity_comp3257_c0_seq1,trinity_comp107223_c0_seq1,trinity_comp101347_c0_seq1,trinity_comp8081_c0_seq1,trinity_comp2617_c0_seq1,trinity_comp2127_c0_seq1,trinity_comp1232_c0_seq1,trinity_comp2251_c0_seq1,trinity_comp96617_c0_seq1,trinity_comp3179_c0_seq1,trinity_comp4261_c0_seq1,trinity_comp3988_c0_seq1,trinity_comp2534_c0_seq1,trinity_comp2701_c0_seq1,trinity_comp1864_c0_seq1,trinity_comp3650_c0_seq1,trinity_comp3268_c0_seq1,trinity_comp2254_c0_seq1,trinity_comp1093_c0_seq1,trinity_comp3376_c0_seq1,trinity_comp2243_c0_seq1,trinity_comp1257_c0_seq1,trinity_comp1941_c0_seq1,trinity_comp1103_c0_seq1,trinity_comp2327_c0_seq1,trinity_comp1790_c0_seq1,trinity_comp4196_c0_seq1,trinity_comp2992_c0_seq1,trinity_comp2218_c0_seq1,trinity_comp2088_c0_seq1,trinity_comp2339_c0_seq1,trinity_comp8833_c0_seq1,trinity_comp4385_c0_seq1,trinity_comp3561_c0_seq1,trinity_comp3327_c0_seq1,trinity_comp3632_c0_seq1,trinity_comp4132_c0_seq1,trinity_comp2950_c0_seq1,trinity_comp3948_c0_seq1,trinity_comp2478_c0_seq1,trinity_comp604_c0_seq1,trinity_comp2434_c0_seq1,NaN,trinity_comp1387_co_seq1,trinity_comp2056_c0_seq1,trinity_comp2462_c0_seq1
37,73,0,local,Amoebophrya ex Akashiwo sanguineum,comp4844_c0_seq1,comp587_c0_seq1,comp1702_c0_seq1,comp1571_c0_seq1,comp749_c0_seq1,comp552_c0_seq1,comp15448_c0_seq1,comp44721_c0_seq1,comp992_c0_seq1,comp364_c5_seq1,comp1141_c0_seq1,comp874_c0_seq1,comp1268_c0_seq1,comp957_c0_seq1,comp595_c0_seq1,comp590_c0_seq1,comp1947_c0_seq1,comp5011_c0_seq1,comp564_c0_seq1,comp1689_c0_seq1,comp922_c0_seq1,comp1018_c0_seq1,comp777_c0_seq1,comp1228_c0_seq1,comp942_c0_seq1,comp1456_c0_seq1,comp1307_c0_seq1,comp1726_c0_seq1,comp9848_c0_seq1,comp15446_c0_seq1,comp1265_c0_seq1,comp1889_c0_seq1,comp876_c0_seq1,comp1676_c1_seq1,comp2245_c0_seq1,comp18755_c0_seq1,comp422_c0_seq1,comp938_c0_seq1,comp1303_seq1,comp1748_c0_seq1,comp1798_c0_seq1,comp725_c0_seq1,comp1098_c0_seq1,comp1143_c0_seq1,comp807_c0_seq1,comp1427_c0_seq1,comp1299_c0_seq1,comp1440_c0_seq1,comp690_c0_seq1,comp547_c0_seq1,comp1035_c0_seq1,comp906_c0_seq1,comp786_c0_seq1,comp1160_c0_seq1,comp1914_c0_seq1,comp1360_c0_seq1,comp1273_c0_seq1,comp551_c0_seq1,comp1161_c0_seq1,comp1120_c0_seq1,comp995_c0_seq1,comp787_c0_seq1,comp1539_c0_seq1,comp602_c0_seq1,comp925_c0_seq1,comp1541_c0_seq1,comp758_c0_seq1,comp446_c0_seq1,comp944_c0_seq1,comp1110_c0_seq1,comp1990_c0_seq1,comp1778_c0_seq1,comp1619_c0_seq1
38,68,5,local,Amphidinium carterae,comp25079_c0_seq1,comp248_c0_seq1,comp1323_c0_seq1,comp1682_c0_seq1,comp1427_c0_seq1,comp1014_c0_seq1,comp4715_c0_seq1,comp11961_c0_seq1,comp860_c0_seq1,comp834_c0_seq1,comp651_c0_seq1,comp1807_c0_seq1,comp900_c0_seq2,comp4768_c0_seq1,comp1002_c0_seq1,comp1217_c0_seq1,comp778_c0_seq1,comp30668_c0_seq1,comp406_c0_seq2,comp663_c0_seq1,comp1172_c0_seq1,comp442_c0_seq1,comp243_c0_seq1,comp1972_c0_seq2,comp876_c0_seq4,comp1448_c0_seq1,comp2627_c0_seq1,comp2432_c0_seq1,comp22206_c0_seq1,comp5428_c0_seq1,comp2999_c0_seq2,comp756_c0_seq3,comp238_c0_seq1,comp1677_c0_seq1,comp1576_c0_seq1,NaN,comp251_c0_seq2,comp786_c0_seq1,comp1223_c0_seq1,comp1330_c0_seq1,comp665_c0_seq1,comp2166_c0_seq1,comp227_c0_seq2,comp308_c0_seq1,NaN,comp300_c0_seq1,comp705_c0_seq1,comp443_c0_seq1,comp303_c0_seq1,comp2818_c0_seq1,comp1336_c0_seq1,comp287_c0_seq1,comp2522_c0_seq1,comp456_c0_seq1,comp1522_c0_seq1,comp1028_c0_seq3,comp389_c0_seq1,comp6648_c0_seq1,comp561_c0_seq1,comp5027_c0_seq1,comp755_c0_seq1,comp6085_c0_seq1,comp172_c0_seq2,NaN,comp1609_c0_seq1,comp294_c0_seq1,comp1795_c0_seq1,comp2698_c0_seq1,comp1034_c0_seq1,comp2704_c0_seq1,comp2423_c0_seq1,NaN,NaN
39,73,0,local,Akashiwo sanguineum,comp67399_c0_seq1,comp400_c0_seq1,comp34159_c0_seq1,comp1759_c0_seq1,comp10816_c0_seq1,comp858_c0_seq1,comp45089_c0_seq1,comp14835_c0_seq1,comp11493_c0_seq2,comp12672_c0_seq1,comp27572_c0_seq1,comp1476_c1_seq2,comp8636_c0_seq2,comp458_c0_seq1,comp884_c0_seq1,comp5387_c0_seq1,comp1374_c0_seq1,comp51337_c0_seq1,comp16937_c0_seq1,comp14413_c0_seq1,comp24033_c0_seq1,comp1018_c0_seq3,comp1398_c0_seq1,comp1112_c0_seq1,comp1319_c0_seq1,comp15696_c0_seq1,comp8558_c0_seq2,comp17308_c0_seq1,comp77161_c0_seq1,comp12476_c0_seq1,comp19514_c0_seq1,comp13709_c0_seq2,comp21306_c0_seq1,comp14518_c0_seq1,comp8401_c0_seq3,comp117472_c0_seq1,comp1230_c0_seq1,comp23638_c0_seq1,comp11525_c0_seq3,comp1350_c0_seq1,comp16141_c0_seq1,comp18102_c0_seq1,comp5174_c0_seq1,comp6045_c0_seq1,comp240_c0_seq1,comp1219_c0_seq1,comp11941_c0_seq2,comp6420_c0_seq3,comp2203_c0_seq1,comp1908_c0_seq1,comp612_c0_seq1,comp597_c0_seq1,comp24023_c0_seq1,comp8633_c0_seq3,comp5438_c0_seq3,comp1372_c0_seq1,comp9234_c0_seq1,comp9692_c0_seq1,comp13322_c0_seq1,comp29558_c0_seq1,comp36489_c0_seq1,comp10407_c0_seq1,comp1506_c0_seq1,comp14919_c0_seq1,comp25400_c0_seq1,comp6654_c0_seq1,comp1340_c0_seq1,comp13479_c0_seq1,comp28319_c0_seq1,comp19175_c0_seq1,comp4014_c0_seq1,comp34010_c0_seq3,comp15935_c0_seq1
40,18,55,db_est,Karenia brevis,NaN,159000521,NaN,159007454,NaN,48705434,NaN,NaN,159018063,NaN,NaN,NaN,NaN,194483044,NaN,NaN,NaN,NaN,NaN,NaN,NaN,NaN,NaN,NaN,159017446,159015543,194482852,194492425,194496628,NaN,159002809,NaN,NaN,NaN,NaN,NaN,158898060,NaN,159005878,NaN,NaN,194484686,NaN,NaN,NaN,NaN,NaN,NaN,NaN,NaN,NaN,NaN,NaN,NaN,NaN,NaN,NaN,NaN,NaN,NaN,194489649,NaN,194480463,NaN,NaN,NaN,159005749,159005246,NaN,NaN,NaN,NaN,NaN
41,73,0,local,Karlodinium veneficum,trinity_comp50149_c0_seq1,trinity_comp6593_c0_seq1,trinity_comp13581_c0_seq1,trinity_comp1874_c0_seq3,trinity_comp22284_c0_seq1,trinity_comp2400_c0_seq1,trinity_comp54880_c0_seq1,trinity_comp8589_c0_seq1,trinity_comp31409_c0_seq1,trinity_comp6368_c0_seq1,trinity_comp4439_c0_seq1,trinity_comp5335_c0_seq1,trinity_comp17855_c0_seq1,trinity_comp3794_c0_seq1,trinity_comp9959_c0_seq1,trinity_comp16959_c0_seq1,trinity_comp1277_c0_seq1,trinity_comp44870_c0_seq1,trinity_comp6561_c0_seq1,trinity_comp3192_c0_seq1,trinity_comp3919_c0_seq2,trinity_comp1523_c0_seq2,trinity_comp16475_c0_seq1,trinity_comp2630_c0_seq1,trinity_comp2136_c0_seq2,trinity_comp4203_c0_seq2,trinity_comp8394_c0_seq2,trinity_comp18115_c0_seq1,trinity_comp37346_c0_seq1,trinity_comp11871_c0_seq1,trinity_comp11655_c0_seq1,trinity_comp12561_c0_seq2,trinity_comp27505_c0_seq1,trinity_comp10688_c0_seq1,trinity_comp6790_c0_seq1,trinity_comp61586_c0_seq1,trinity_comp3710_c0_seq2,trinity_comp11364_c0_seq1,trinity_comp4104_c0_seq1,trinity_comp17129_c0_seq1,trinity_comp33573_c0_seq1,trinity_comp8036_c0_seq3,trinity_comp1698_c0_seq1,trinity_comp6881_c0_seq1,trinity_comp9031_c0_seq1,trinity_comp18440_c0_seq1,trinity_comp1066_c0_seq1,trinity_comp16804_c0_seq1,trinity_comp4392_c0_seq2,trinity_comp14873_c0_seq1,trinity_comp11734_c0_seq1,trinity_comp13480_c0_seq1,trinity_comp4289_c0_seq2,trinity_comp10932_c0_seq1,trinity_comp1506_c0_seq1,trinity_comp7407_c0_seq1,trinity_comp31184_c0_seq1,trinity_comp14582_c0_seq1,trinity_comp17072_c0_seq2,trinity_comp8870_c0_seq1,trinity_comp15904_c0_seq1,trinity_comp2527_c0_seq1,trinity_comp8425_c0_seq1,trinity_comp19787_c0_seq6,trinity_comp25117_c0_seq1,trinity_comp4069_c0_seq2,trinity_comp6189_c0_seq2,trinity_comp13762_c0_seq1,trinity_comp45380_c0_seq1,trinity_comp11137_c0_seq2,trinity_comp34518_c0_seq1,trinity_comp2479_c0_seq1,trinity_comp12165_c0_seq2
42,71,2,local,Prorocentrum sp. CCMP3122,173146,750021,750443,715267,733621,747519,NaN,738889,734729,348285,710923,724919,731431,740092,708365,738486,748546,102717,726192,723066,710386,492120,183223,728822,728576,421433,746569,748785,531946,582823,724852,538033,282882,715966,178388,NaN,721317,558485,573591,720995,737614,274344,658599,701795,737825,653799,704522,751423,409608,713832,719000,714015,725702,740139,300499,744765,211709,744479,739207,733331,656537,726513,724311,476103,114359,579062,711168,337092,749012,563035,38904,711918,331266
43,70,3,local,Prorocentrum micans,57634,319915,217464,463988,279857,353101,108248,59092,183518,220436,470154,494551,463519,142779,440474,304878,197148,NaN,129831,386913,204782,305664,273509,305433,371843,383218,279222,61661,388911,51366,440832,321999,377523,123654,472071,NaN,193541,289872,398982,66326,281843,228301,311045,65415,468826,96152,159445,26198,189359,291390,327243,105492,488128,264272,295123,271329,286731,200874,280304,55899,352648,115825,437542,347321,163984,218517,381832,233741,400720,231626,355595,227530,NaN
44,69,4,local,Prorocentrum hoffmanianum,251329,267128,186127,197155,60746,265633,130751,61013,251197,209037,185577,124067,196468,138570,221284,129236,49425,NaN,250460,44579,268262,193776,164345,20034,216506,112707,159890,210679,60474,185314,257012,144441,102440,15429,213274,NaN,115880,427,32752,NaN,140569,252537,43179,60097,70097,97754,205916,137719,112837,71055,3010,36036,219231,15166,109202,146680,112018,253716,88529,58366,261969,100284,149409,250743,20088,70594,218654,218463,226745,92097,NaN,204344,194000
45,67,6,www,Symbiodiniumsp. CassKB8,c47144,rep_c1880,rep_c4852,rep_c8,rep_c51548,rep_c778,c35574,rep_c12189,rep_c375,rep_c10370,rep_c7958,rep_c1076,rep_c8804,rep_c51864,rep_c21718,rep_c51584,rep_c14123,NaN,rep_c27078,rep_c8283,rep_c13301,rep_c2557,rep_c27045,rep_c2513,rep_c5821,c42665,c52839,rep_c17334,c12109,rep_c1995,s53914,c23599,c27888,c25071,rep_c56564,NaN,rep_c31638,rep_c28033,rep_c19230,c38722,c42615,c27101,rep_c10366,rep_c20369,rep_c763,s59743,rep_c740,rep_c7663,rep_c242,rep_c15587,rep_c34562,rep_c51429,rep_c772,c33424,rep_c21126,rep_c28507,c34337,rep_c16209,rep_c46000,rep_c2876,c30365,rep_c52929,rep_c3125,c29335,NaN,rep_c51881,rep_c31054,NaN,c29235,s59520,NaN,rep_c898,NaN
46,65,8,www,Symbiodinium Mf1.05b,NaN,rep_c8505,rep_c7968,rep_c12795,c21336,rep_c12596,c12699,c31604,rep_c13440,c34526,rep_c13924,rep_c21018,rep_c11850,c21247,rep_c12123,rep_c20882,rep_c15147,NaN,c19620,c26865,rep_c9539,rep_c20148,NaN,rep_c19850,rep_c4751,s54085,rep_c22454,c41682,c23226,c42805,s48892,rep_c21837,c33652,rep_c30612,c15826,NaN,NaN,c38090,c23779,NaN,c25680,c25638,c193012,c19653,rep_c15541,c13650,rep_c3291,rep_c26864,rep_c14694,rep_c12334,rep_c11725,NaN,rep_c30481,rep_c12458,rep_c16540,rep_c27177,s64177,c27467,NaN,c22695,c23154,c18031,rep_c15040,c19762,c17802,rep_c8557,s52006,s63445,rep_c16371,c32926,rep_c17558,c26814,c39220
47,73,0,local,Crypthecodinium cohnii,A_Din_c69762,CA12_cot50_003a_e08.q1cb,CA5_PTA.1590.C1,A_Din_c15192,A_Din_c20165,A_Din_c19512,A_Din_lrc36169,A_Din_c69698,CA12_cot50_001c_f03.q1cb,A_Din_c23450,A_Din_c17651,A_Din_c19510,CA5_cn_024b_d01.q1ca,A_Din_c22520,A_Din_c24340,A_Din_c18174,A_Din_c14955,A_Din_c52245,A_Din_c17110,A_Din_c20866,A_Din_c17240,A_Din_c25043,CA12_cot500_002a_h11.q1cb,CA12_cot500_004b_a07.q1cb,A_Din_c20091,A_Din_c64664,CA12_cot500_002a_f06.q1cb,GHW5WTI01EFH2J,A_Din_lrc42362,A_Din_c83047,A_Din_c83061,A_Din_c21661,A_Din_c18946,A_Din_c42561,A_Din_c14973,A_Din_c68888,A_Din_c24069,A_Din_c21582,A_Din_c18331,GHTF05G01B05XW,A_Din_c17041,CA5_cli_026d_a10.q1ca,A_Din_c16065,CA12_PTA.259.C1,A_Din_c20166,A_Din_c19125,A_Din_c22384,A_Din_c28328,A_Din_c19382,A_Din_c16700,A_Din_c19598,CA5_cn_008a_e03.q1ca,A_Din_c22390,A_Din_c12150,A_Din_c86317,A_Din_c17552,A_Din_c20879,A_Din_c48116,A_Din_c18139,A_Din_c44562,GHW5WTI01AKZI,A_Din_c12099,A_Din_c15579,A_Din_c19969,A_Din_c28602,A_Din_c12696,A_Din_c19550,A_Din_c21882,A_Din_c21664,GHW5WTI01CS61D,A_Din_lrc44786,GHTF05G01BDBF7,CA5_cn_022b_b10.q1ca
48,68,5,local,Polarella glacialis,comp46326_c0_seq1,comp419,comp739_c0_seq1,comp141_c0_seq1,comp25300_c0_seq1,comp491_c0_seq6,comp5510_c0_seq4,comp2017_c0_seq1,NaN,comp210_c2_seq4,comp368_c1_seq5,comp229,comp626_c0_seq3,comp223_c1_seq5,comp903_,comp535_c0_seq1,comp708_c1_seq4,comp25823_c0_seq1,comp1342_c0_seq2,comp534_c0_seq4,NaN,comp498_c0_seq2,comp986_c0_seq2,comp653_c1_seq3,comp6564_c0_seq2,comp342_c0_seq7,comp870_c0_seq1,comp527_c0_seq2,comp41721_c0_seq1,comp5016_c0_seq1,comp3715_c0_seq1,comp606_c0_seq1,comp1355_c0_seq1,comp1318_c1_seq1,comp62_c0_seq7,comp95270_c0_seq1,comp1990_c0_seq3,comp1004_c0_seq1,comp1308_c1_seq1,comp470_c0_seq4,comp969_c0_seq4,comp806_c2_seq5,comp350_c0_seq4,comp3983_c0_seq1,NaN,comp337_c0_seq2,comp22_c2_seq5,comp828_c0_seq1,comp414_c3_seq5,comp440_c0_seq1,comp238_c0_seq1,comp440_c1_seq2,comp426_c0_seq3,comp317_c0_seq2,comp979_c0_seq4,comp1081_c0_seq1,comp3888_c0_seq1,comp320_c0_seq1,comp913_c0_seq1,comp12470_c0_seq1,NaN,comp15389_c0_seq1,NaN,comp16143_c0_seq1,comp1392_c1_seq4,comp801_c0_seq2,comp492_c1_seq2,comp189_c0_seq4,comp804_c1_seq1,comp211_c0_seq1,comp8357_c0_seq1,comp905_c0_seq2,comp1398_c0_seq3
49,19,54,db_est,Alexandrium minutum,NaN,NaN,NaN,NaN,297645029,297649179,NaN,NaN,297638672,NaN,297649810,NaN,297640776,297650749,297648208,NaN,NaN,297652754,NaN,NaN,NaN,297643104,NaN,NaN,297651946,297653906,NaN,NaN,NaN,NaN,NaN,297640805,NaN,NaN,297652421,NaN,NaN,NaN,NaN,NaN,NaN,NaN,NaN,NaN,NaN,NaN,297647831,NaN,NaN,297636811,NaN,NaN,NaN,297650229,NaN,297642583,NaN,297642715,NaN,297654035,NaN,NaN,NaN,NaN,NaN,NaN,NaN,NaN,NaN,NaN,NaN,NaN,NaN
50,15,58,db_est,Alexandrium catenella,NaN,186959879,186961407,186958764,NaN,NaN,NaN,NaN,NaN,NaN,NaN,NaN,186955931,NaN,186956417,NaN,186959175,NaN,186953839,NaN,NaN,NaN,NaN,NaN,NaN,NaN,NaN,NaN,NaN,NaN,NaN,NaN,NaN,NaN,NaN,NaN,NaN,186953384,NaN,NaN,NaN,NaN,186956188,NaN,186953240,NaN,186962915,186957443,NaN,NaN,186954095,NaN,NaN,NaN,NaN,NaN,NaN,NaN,NaN,NaN,186957262,NaN,NaN,NaN,NaN,186954479,NaN,NaN,NaN,NaN,NaN,NaN,NaN
51,45,28,db_est,Alexandrium tamarense,NaN,54437251,NaN,NaN,38452856,42750243,NaN,NaN,38451954,NaN,42750425,42748805,42750971,54438234,54436475,NaN,37760267,NaN,40759771,37648261,40759832,58179869,NaN,37760140,38453084,NaN,40756765,NaN,NaN,NaN,40757537,42752092,42750453,40756946,40759592,NaN,42748769,40759480,40758576,NaN,NaN,42748161,NaN,40754868,38452627,NaN,42751845,NaN,54436090,40757405,NaN,NaN,42748729,42752193,54436192,NaN,NaN,42749651,40754885,NaN,40758541,40756146,NaN,40758343,NaN,37760016,38452239,42749473,NaN,42752169,40755966,NaN,58179676
52,69,4,www,Alexandrium tamarense,NaN,NaN,at08493,at09020,at34634,at04117,at22728,at03772,at22917,at15816,at30742,at04994,at07822,NaN,at26175,at26038,at10352,at26898,at25187,at23053,at20433,at32936,at09817,at20863,at08094,at19454,at29463,at27976,NaN,at03133,at34790,at11421,at28150,at13464,at10612,at25871,at19848,at05438,at17117,at16778,at33131,at01482,at14378,at15195,at00479,at01688,at15095,at01746,at10529,at08866,at21186,at16364,at13307,at29289,at06371,at30040,at08395,at34169,at01352,at11420,at33926,at27037,at16185,at33329,at07614,at14009,at30665,at16946,at30558,at26703,at31787,at22328,at20313
53,73,0,www,Lingulodinium polyedrum,346268737,346279628,346244372,346231042,346297673,346276810,346248202,346253609,346252918,346273383,346273961,346281440,346246723,346241843,346294255,346251507,346262112,346255001,346231053,346285850,346265218,346243840,346270338,346255073,346263390,346255527,346275395,346243220,346252689,346261040,346253467,346266885,346249209,346255596,346237628,346280405,346233467,346248533,346277153,346264895,346264707,346259326,346300479,346257993,346303639,346257647,346249737,346281952,346241156,346300330,346257703,346254208,346255985,346276000,346245363,346232747,346232780,346251619,346293777,346233200,346255072,346277392,346232021,346297988,346250817,346254584,346305800,346286015,346249861,346238818,346268040,346259633,346238439
54,69,4,nr_nt,Chromera velia,343857794,343867225,NaN,343854970,343867979,343876805,343876965,343852419,343874477,343859063,343852248,343851390,343852227,343866602,343850724,343851045,343859025,343866835,343863610,343860844,343859669,343867782,343868533,343873106,343856411,343871218,343857360,343855005,343876815,343858964,343867126,343868854,NaN,343862152,343868544,NaN,343851699,343856248,343859972,343856557,343873959,343855410,NaN,343872313,343865850,343860965,343860640,343869524,343858124,343871497,343871198,343864282,343851140,343861384,343860976,343874267,343875697,343852926,343859257,343851716,343873612,343868126,343869683,343863312,343864609,343853151,343868871,343859529,343871002,343862987,343876664,343876250,343876365
55,68,5,nr_nt,Gregarina niphandrodes,NaN,338240875,338240959,338246306,NaN,338239417,338242690,338239162,338243374,338241023,338242548,338240698,338244961,338243594,338242696,338239080,338241348,NaN,338240452,338244949,338243000,338239642,338241676,338240579,338241320,338241131,338241692,338243256,NaN,338241644,338242399,338240747,338241758,338240813,338240606,NaN,338240670,338242882,338243192,338242361,338241305,338242361,338242199,338244985,338239752,338240535,338241448,338242740,338240417,338241049,338241498,338241664,338240543,338241332,338241131,338242415,338240509,338240855,338242636,338240450,338241316,338242215,338241616,338241764,338244915,338241714,338239495,338244919,338240849,338240523,338241043,338242371,338242327
56,69,4,refseq,Cryptosporidium muris,NaN,209875731,209881791,209876676,209879385,209876674,209877733,209875515,209876009,209879876,209876668,209882451,209877180,209878376,209876251,209882947,209875855,NaN,209876241,209878874,209881211,209881291,209878985,209881929,209878316,209879944,209877328,209876726,NaN,209878193,209882510,209881630,209881949,209877791,209881821,NaN,209881205,209876169,209879972,209880752,209880888,209879830,209880367,209880443,209877955,209879906,209879451,209882425,209882701,209875439,209882512,209876962,209875485,209882991,209882136,209875593,209881329,209881789,209876011,209882945,209882132,9880283,209880590,209878141,209880040,209878548,209878850,209878692,209881478,209879738,209881033,209881093,209877703
57,68,5,refseq,Cryptosporidium parvum,NaN,126649185,126649327,66356654,66363262,66356652,66475814,66358044,66361594,66362842,66356646,66475872,66360018,66475518,66359054,126644220,66357740,NaN,66359046,66356438,66360360,66362516,66356952,66359496,66475570,66362898,66475246,66356692,NaN,66363416,66475950,66362304,66359514,66357300,66475726,NaN,66360398,66358974,66362920,66362084,66358494,66362798,66359200,66356488,66357444,66362866,126654348,66475896,66358854,66358116,66475952,126654511,66358072,NaN,66356722,66357962,66362484,66475696,66361601,66358632,66356718,66359256,66361940,66363366,66361852,126649277,66356416,66358314,66362190,66362728,66358614,66361305,66475790
58,59,14,refseq,Cryptosporidium hominis,NaN,67594775,67619485,67597151,67623283,67597170,67609491,67623361,67594921,67609998,67591332,67592553,67623427,67619305,67616823,67608967,67624381,NaN,67616909,67598198,67624507,67624159,67605143,67589531,67624121,67609641,67594829,67602091,NaN,67603883,67623663,67623457,NaN,NaN,67612823,NaN,67624513,67607976,67594793,67594949,67589337,NaN,67624811,67591835,67624709,67614912,67621222,67591273,67594839,67601937,67623665,67595276,67602019,NaN,67593442,67615320,67623403,67619412,67594923,67608989,67593421,67616771,67613936,67601021,NaN,NaN,67586139,67624243,NaN,67624627,NaN,NaN,NaN
59,63,10,db_est,Eimeria tenella,NaN,179134605,NaN,100456152,8320933,179134562,339870069,179134564,179134475,31993537,179134829,100455827,18056285,31135736,179134706,31137781,31138546,NaN,31990404,225383980,339864463,31992611,18056273,179134836,NaN,13395765,31991199,16138333,NaN,31612573,100456361,100456782,31996879,32159011,339880944,NaN,31991102,NaN,5150672,18038601,31613474,339869908,NaN,179134847,179134183,31993839,31990371,339871978,18037970,225383793,179134618,NaN,100457257,31990763,31135426,4877206,100456101,126025981,4877091,16138219,31994447,31138506,31094582,5149367,18037593,31135197,339870152,18037381,NaN,18003248,18038087,18037265,4876778
60,49,24,db_est,Eimeria maxima,NaN,225383903,225385623,225383946,225384366,NaN,225383858,NaN,225383963,339872756,225384297,225384816,225384496,225384304,NaN,225386072,225384567,NaN,225384738,225383980,NaN,NaN,339854216,NaN,225385391,225384456,225385649,225384732,NaN,NaN,NaN,225385033,225383727,225384944,225386222,339859717,225385070,225383938,225383741,225385440,NaN,NaN,225384344,NaN,225383826,NaN,225384365,225384889,339872983,225383793,NaN,225384057,225383962,NaN,NaN,225383817,NaN,225385213,NaN,339865098,NaN,25385427,225384346,225386199,NaN,225384202,225383876,225384149,225383961,225384713,NaN,NaN,339857347
61,53,20,db_est,Eimeria acervulina,NaN,164121170,164123090,164087772,164116393,164109217,NaN,NaN,164003107,164048973,164098113,339846232,164052913,339842539,164083271,164027979,163995294,NaN,164091075,163984186,164007047,164085022,164102072,164139476,164103918,164140374,NaN,164091076,NaN,NaN,164003108,NaN,NaN,164097141,339851190,NaN,NaN,NaN,164121165,NaN,NaN,163982374,164138578,164084153,164096143,163999205,163999214,164141307,164110109,164051589,164101086,164090262,NaN,NaN,164048995,NaN,164109214,339844197,164097143,163993373,164027969,164051588,164096153,NaN,164095166,164009008,NaN,163995290,164098122,163991528,163993369,164104674,NaN
62,54,19,db_est,Sarcocystis neurona,NaN,52123277,NaN,22526425,22526676,18036422,21896589,NaN,50884148,NaN,22527213,NaN,22526574,22526800,50884797,22527369,21896210,NaN,51296091,21993363,NaN,21896233,18036609,NaN,50883985,21896881,52121762,52123123,NaN,NaN,18035524,50884297,52122021,51569134,52862880,NaN,22527611,NaN,21992772,21992857,NaN,NaN,11273416,18036390,NaN,9918996,NaN,18035332,NaN,52122603,21993215,21992916,22526527,21896930,21896614,21896369,NaN,17888405,50883085,51295934,18035676,51569091,22526387,22527442,18036786,18036569,17888305,50884077,NaN,50884063,50884073,22526617,22526859
63,48,25,db_est,Sarcocystis falcatula,NaN,77058242,NaN,NaN,NaN,NaN,77050339,NaN,77056716,NaN,77053424,77059022,77050395,77056447,77048637,77056214,77055380,NaN,77052377,77055187,77053844,77048281,NaN,77049322,77051420,77059165,77059309,77050977,NaN,NaN,77051377,NaN,77049169,77055096,77058994,NaN,77054180,77050925,77048731,NaN,77053442,NaN,77053649,NaN,77053838,77052343,NaN,NaN,NaN,77054601,77050359,77055914,NaN,77057472,77057284,77055670,77054713,77048061,77050959,77053111,NaN,77053824,NaN,77051113,77049509,77049558,77052742,NaN,NaN,77048549,NaN,77051094,77054647
64,73,0,refseq,Toxoplasma gondii,237840075,237834163,237829767,237841149,237830505,237831983,237839447,237836115,237830747,237836773,237839713,237838029,237843137,237829863,237840401,237832215,237838515,237833801,237838975,237834343,237844951,237832139,237844851,237838161,237835401,237834635,237830267,237834391,237831883,237834981,237835777,237832143,237837591,237838817,237839021,237829729,237834191,237836131,237835923,237834439,237834551,237836695,237838815,237842073,237837685,237837605,237840521,237834931,237843853,237834525,237835357,237835795,237844621,237834105,237836935,237832833,237832345,237843553,237839175,237832213,237840579,37833767,237845065,237841589,237831681,237837207,237843135,237837435,237835117,237844053,237840781,237834933,237838459
65,73,0,refseq,Neospora caninum,325114707,325118597,325119378,325114995,325119691,325117251,325119083,325120647,325119794,325116767,325116168,325115488,325119259,325119415,325114848,325117146,325115710,325118763,325115273,325118516,325114918,325117179,325120490,325115548,325120315,325116293,325119593,325116196,325117299,325116425,325120456,325117175,325117884,325118821,325115248,325119359,325118584,325120655,325120565,325116217,325116254,325116797,325118820,325115780,325117928,325117891,325114207,325116405,325115189,325116243,325120292,325120464,325114682,325118621,325116696,325118295,325117085,325115985,325118979,325117147,325114233,325118781,325118929,325114575,325117388,325117711,325119258,325117813,325116485,325120255,325114326,325116406,325115702
66,71,2,refseq,Babesia bovis,156087068,156082902,156085304,156089549,156084266,156089547,156089383,156085066,156087653,156089787,156086254,156089531,156088087,156086132,156084702,156086114,156084640,156084630,NaN,156087567,156083152,156088375,156088377,156082964,156089535,156084454,156088723,156087773,156087390,156086406,156089177,156089563,156088781,156086734,156088017,NaN,156083699,156086644,156087851,156084772,156088311,156084300,156089135,156084069,156087753,156084414,156088951,156082401,156088381,156089305,156083407,156084614,156089289,156084994,156087677,156083026,156084712,156085092,156089589,156086112,156087727,156086130,156087679,156084884,156089113,156087651,156084734,156087070,156088039,156088163,156083811,156088211,156087875
67,59,14,db_est,Babesia equis,NaN,310891048,310891059,310889460,310887335,310885129,310885989,310885778,310884888,310891671,310889042,310885781,310886896,310887617,310885187,310888677,310887657,NaN,NaN,310885351,310889003,310885802,310888963,310887563,310886024,310887282,310889675,310887715,310891454,310885403,310885945,310885760,310888863,310888717,NaN,NaN,310889008,310887901,NaN,310886801,NaN,NaN,310892104,310888058,310889874,310888279,310888352,310887269,310885650,310887482,310886823,310885373,310886884,310885100,NaN,310885765,310887559,310887540,310887197,310888542,310886088,310885946,310888686,310891447,NaN,NaN,310888486,310887439,310887661,NaN,310887613,NaN,NaN
68,70,3,refseq,Theileria annulata,84998818,84998984,84994848,84995804,84996861,84995802,84997583,84996009,85001433,84998006,84999220,84995786,84996167,84999322,84996459,84999596,84996661,84996671,84998772,85001454,84994548,84994378,84994382,85000287,84995792,84996675,84995348,85001319,84997846,85000393,84997367,84995814,84995386,84998260,84996123,NaN,85000935,84998176,85001117,84996377,84995520,84996843,84997323,84994434,85001345,84996723,84997205,85001648,84995012,84997505,84994094,84996521,84997491,84995402,85001383,84999094,84996447,84996041,84995840,84999594,NaN,84999324,85001381,84996235,84997299,85001435,84996427,84998826,84998146,85000101,85000793,84995542,NaN
69,72,1,refseq,Theileria parva,71033067,71032875,71030984,71030018,71028970,71030020,71029772,71028048,71026386,71033861,71032597,71030040,71028234,71032475,71028548,71032169,71028758,71028768,71033109,71026410,71031290,71031456,71031452,71027075,71030032,71028772,71030494,71026250,71034013,71027195,71029528,71030010,71030458,71033607,71028172,NaN,71027743,71033687,71027975,71028460,71030318,71028946,71029482,71031410,71026281,71028826,71029346,71026645,71030822,71029676,71031748,71028602,71029660,71030444,71026326,71032761,71028538,71028084,71029982,71032171,71026310,71032473,71026324,71028308,71029458,71026388,71028516,71033065,71033719,71026855,71027609,71030292,71027901
70,71,2,refseq,Plasmodium falciparum,124511778,124802670,124506063,124808771,124513506,258597720,124804166,NaN,124504809,124506257,124513230,124808442,124809402,124511928,296004544,124512504,124801997,296004564,124809020,296004424,124513742,124513556,296005478,296004668,124808810,124512350,124513388,124513236,124806655,124506043,124504913,258597884,124802443,124505997,124506631,258537826,124511772,258597310,124804772,258597233,296004820,124504755,124802649,124809606,124505117,124810210,258597201,124511970,124513570,124512798,124808201,124506321,124511930,124505009,124504807,124513900,124506243,296005391,124504993,124512506,124806733,124804238,124505571,124801981,124804821,124504805,124506309,NaN,124801397,124512908,124810100,296004806,124801435
71,71,2,refseq,Plasmodium vivax,156094882,156081997,156094412,156102056,156096266,156102054,156098677,NaN,156094111,156095508,156099270,156102234,156100503,156093566,156095506,156102969,156096629,156095462,156101928,156098015,156096516,156096316,156096318,156100933,156102036,156097825,156096144,156099264,156095785,156094390,156094213,156100103,156093377,156094350,156097090,156093990,156094876,156098699,156099073,156098376,156094794,156094057,156082017,156100389,156096901,156100003,156098302,156093534,156096330,156102533,156102348,156095444,156093564,156097005,156094109,156101355,156095522,156102825,156097021,156102971,156095837,156098723,156098183,156096619,156099101,156094107,156095456,NaN,156093661,156102639,156100091,156094780,156093637
72,71,2,refseq,Plasmodium knowlesi,221052022,221054097,221057215,221060254,221058641,221060252,221056206,NaN,221055669,221057019,221058929,221060408,221059631,221052786,221057017,221061157,221055061,221056969,221060122,221053670,221058379,221058593,221058591,221058038,221060236,221053464,221058749,221058923,221061727,221057237,221055559,221059235,221053921,221057283,221054342,221053115,221052016,221056228,221056580,221055910,221051936,221055731,221054077,221059517,221055353,221059123,221055832,221052826,221058579,221060701,221060532,221056951,221052788,221055489,221055671,221057588,221057033,221061009,221055505,221061159,221061859,21056254,221053800,221055051,221056610,221055673,221056963,NaN,221052965,221060813,221059223,221051922,221052943
73,66,7,refseq,Plasmodium chaubadi,70952237,70927424,70952565,70950764,70941886,70950766,70947391,NaN,70954200,70953537,70953061,70950044,70953609,70943404,70953539,70947880,70951318,70945029,70952063,70950846,70951972,70951563,70936256,70941162,NaN,70943789,70930748,70937985,70947016,70940784,70953421,NaN,70931735,70950932,70947906,70952477,70939353,70951447,70937050,NaN,NaN,70928074,70948671,70941721,70926923,70947163,70946979,70945908,70936814,NaN,70947134,70940074,70936571,70937128,70954206,70938786,70938201,70945946,70925667,70951553,70917624,70943818,70930123,70938247,70952267,70954208,70947328,NaN,70934681,70931099,70924323,70953669,70952153
74,67,6,refseq,Plasmodium berghei,68065089,68065494,68068601,68070119,68073533,68063551,68068081,NaN,68071157,68075667,68072635,68066022,68076911,68075317,68075663,68072943,68070607,68068641,68072001,68075795,68074749,68073473,68067787,68069033,68076113,68067430,68075865,NaN,68073817,68074139,68076169,68059476,68067530,68072227,68068793,NaN,68075091,NaN,68061525,68064673,68073933,68076351,68069781,68067285,68060075,68070737,68073433,68067854,68065125,68072845,68069445,68069555,68075319,68067397,68071155,68073571,68072747,68072555,68071429,68072945,68074955,68069309,68067235,68068667,68072979,68071153,68075763,NaN,68071353,68076553,68070679,NaN,68069951
75,64,9,refseq,Plasmodium yoelli,82596540,82596814,82705099,82705794,83315079,82705796,83317303,NaN,82596445,82540649,83033193,82794128,82595251,83314399,82540651,82705807,82793887,82704672,83286156,83315314,82753814,83032675,83032673,82595686,82594760,82540377,82794048,NaN,83315591,82596848,82541101,NaN,82594928,83318078,82914861,NaN,82593973,68531964,82596382,82753019,83315279,83317413,82704653,82752715,83286443,NaN,82539137,82704680,82705619,82539474,83273616,83286205,83314401,82752681,82596443,82539545,83273504,83282342,82594213,82705805,82540018,82794396,82539918,82753933,NaN,82596441,82705071,NaN,82541629,83317360,82540107,NaN,NaN
